{"C3up": [95.66015996335557, 75.50030899112926], "C3um": [142.92608001691303, 85.9851934201879], "C3ua": [182.17953380372285, 93.67716103626572], "C3pm": [98.59043334090904, 122.9493711307839], "C3am": [187.7806292701922, 142.05719544691374], "C3lp": [93.32509836561746, 181.02067426406984], "C3ld": [142.57505768522685, 177.220475977555], "C3la": [186.98701356377126, 200.18954594223214]}