{"C4up": [101.3004583712551, 78.7129344192806], "C4um": [146.8265286068903, 85.59602448842952], "C4ua": [188.750804482616, 94.21896437550095], "C4pm": [98.95013493300928, 119.8283327480774], "C4am": [194.35189994908535, 142.5989987861492], "C4lp": [94.61577222871131, 175.22881379244745], "C4ld": [140.32498455044345, 168.6967460549845], "C4la": [189.14761233582624, 196.19858265056428]}