{"C2p": [100.70524659143973, 187.7435070066856], "C2d": [142.9347592773271, 174.00785054940388], "C2a": [190.88746215374874, 199.70878996502893]}